{"count":1,"self":492.77189119999997,"total":3470.5322377999996,"children":{"InitializeActuators":{"count":16,"self":0.0020006,"total":0.0020006,"children":null},"InitializeSensors":{"count":16,"self":0.0020005,"total":0.0020005,"children":null},"AgentSendState":{"count":987201,"self":7.4850743999999994,"total":68.7899561,"children":{"CollectObservations":{"count":3159056,"self":21.4092512,"total":21.409251599999997,"children":null},"WriteActionMask":{"count":3159056,"self":1.2642077999999999,"total":1.2642077999999999,"children":null},"RequestDecision":{"count":3159056,"self":4.8966612,"total":38.6314225,"children":{"AgentInfo.ToProto":{"count":3159056,"self":4.519696,"total":33.7347614,"children":{"GenerateSensorData":{"count":3159056,"self":29.2150656,"total":29.2150656,"children":null}}}}}}},"DecideAction":{"count":987201,"self":2838.7926015999997,"total":2838.7925664,"children":null},"AgentAct":{"count":987201,"self":70.146508799999992,"total":70.1718186,"children":{"AgentInfo.ToProto":{"count":1411,"self":0.0030009999999999998,"total":0.0253075,"children":{"GenerateSensorData":{"count":1411,"self":0.0223065,"total":0.0223065,"children":null}}}}},"AgentInfo.ToProto":{"count":34,"self":0,"total":0.0010000999999999999,"children":{"GenerateSensorData":{"count":34,"self":0.0010000999999999999,"total":0.0010000999999999999,"children":null}}}},"gauges":{"RobotArmTraining.CumulativeReward":{"count":1445,"max":-0.323675,"min":-1.18745363,"runningAverage":-0.9454511,"value":-0.9999065,"weightedAverage":-0.9516434}},"metadata":{"timer_format_version":"0.1.0","start_time_seconds":"1714842634","unity_version":"2022.3.7f1","command_line_arguments":"C:\\Program Files\\Unity\\Hub\\Editor\\2022.3.7f1\\Editor\\Unity.exe -projectpath C:\\Users\\brend\\OneDrive\\Documents\\UnityProjects\\AIMidtermProject -useHub -hubIPC -cloudEnvironment production -licensingIpc LicenseClient-brend -hubSessionId 93b8e8ce-4f8d-4b5b-953a-15bbb91f22ac -accessToken 7M1f9VhJRaVbKm5jPCEQ8vjb1s9z3c_TbipEpHC0v8E001f","communication_protocol_version":"1.5.0","com.unity.ml-agents_version":"2.0.1","scene_name":"ReinforcementLearning","end_time_seconds":"1714846104"}}