{"count":1,"self":932.07951359999993,"total":5562.0581948,"children":{"InitializeActuators":{"count":16,"self":0.0010006,"total":0.0010006,"children":null},"InitializeSensors":{"count":16,"self":0.0010003,"total":0.0010003,"children":null},"AgentSendState":{"count":1877384,"self":13.846569599999999,"total":129.2198544,"children":{"CollectObservations":{"count":6007632,"self":40.5961408,"total":40.5961424,"children":null},"WriteActionMask":{"count":6007632,"self":2.3847595999999998,"total":2.3847595999999998,"children":null},"RequestDecision":{"count":6007632,"self":9.5016064,"total":72.3923824,"children":{"AgentInfo.ToProto":{"count":6007632,"self":8.3882952,"total":62.8907763,"children":{"GenerateSensorData":{"count":6007632,"self":54.5024832,"total":54.5024814,"children":null}}}}}}},"DecideAction":{"count":1877384,"self":4388.9205248,"total":4388.9205274,"children":null},"AgentAct":{"count":1877384,"self":111.53717759999999,"total":111.7277244,"children":{"AgentInfo.ToProto":{"count":12815,"self":0.0370092,"total":0.190553,"children":{"GenerateSensorData":{"count":12815,"self":0.15354379999999998,"total":0.15354379999999998,"children":null}}}}},"AgentInfo.ToProto":{"count":5195,"self":0.0250763,"total":0.1075594,"children":{"GenerateSensorData":{"count":5195,"self":0.08248309999999999,"total":0.08248309999999999,"children":null}}}},"gauges":{"RobotArmTraining.CumulativeReward":{"count":18010,"max":1.22433519,"min":-0.94844985,"runningAverage":-0.32703042,"value":-0.646638036,"weightedAverage":-0.390333027}},"metadata":{"timer_format_version":"0.1.0","start_time_seconds":"1714608095","unity_version":"2022.3.7f1","command_line_arguments":"C:\\Program Files\\Unity\\Hub\\Editor\\2022.3.7f1\\Editor\\Unity.exe -projectpath C:\\Users\\brend\\OneDrive\\Documents\\UnityProjects\\AIMidtermProject -useHub -hubIPC -cloudEnvironment production -licensingIpc LicenseClient-brend -hubSessionId 403032a8-a5a6-40fb-94b6-a35fb9de6122 -accessToken fOrapOoYXoBKDHRPE_X1X04df7Nv41I3OzjCx2BPJvE001f","communication_protocol_version":"1.5.0","com.unity.ml-agents_version":"2.0.1","scene_name":"RobotArmTraining","end_time_seconds":"1714613657"}}